﻿[
    {
        "NIM": "1108780030",
        "Nama": "GLB"
    },
    {
        "NIM": "1101180517",
        "Nama": "MUHAMMAD HILMY"
    },
    {
        "NIM": "1101184523",
        "Nama": "MUHAMMAD FAUZAN"
    },
    {
        "NIM": "1101190002",
        "Nama": "MUHAMMAD ARIEF ZULFIKAR DARMAWAN"
    },
    {
        "NIM": "1101190142",
        "Nama": "ILMAN FAHMAN BASHAR SATRIA WIBAWA"
    },
    {
        "NIM": "1101190144",
        "Nama": "RIFALDI WAHYU RAMADHAN"
    },
    {
        "NIM": "1101190196",
        "Nama": "FENI NUR SEPTIANI"
    },
    {
        "NIM": "1101193090",
        "Nama": "RIMA ANANDA KURNIA ISMANTO"
    },
    {
        "NIM": "1101193387",
        "Nama": "ATHALIQA ANANDA PUTRI"
    },
    {
        "NIM": "1101194080",
        "Nama": "DHEAN ARDANI RAHMANSYAH"
    },
    {
        "NIM": "1101194190",
        "Nama": "DEWI NURULAENI ACHDALINA"
    },
    {
        "NIM": "1101194298",
        "Nama": "RAIYAN ADI WIBOWO"
    },
    {
        "NIM": "1101194477",
        "Nama": "M RAIHAN AL GHIFARI"
    },
    {
        "NIM": "1101200196",
        "Nama": "LULU BALQIS ZIANKA FAZA"
    },
    {
        "NIM": "1101200372",
        "Nama": "ALDIRA FADILLAH LAZUARDI"
    },
    {
        "NIM": "1101201509",
        "Nama": "ALDRA KASYFIL AZIZ"
    },
    {
        "NIM": "1101201512",
        "Nama": "ARYANDHIKA IBNU RAIHAN"
    },
    {
        "NIM": "1101202016",
        "Nama": "ANDRI SATIA PERMANA"
    },
    {
        "NIM": "1101202469",
        "Nama": "FABIANO ABBEY KARO SEKALI"
    },
    {
        "NIM": "1101202505",
        "Nama": "RABBY FITRIANA ADAWIYAH"
    },
    {
        "NIM": "1101202549",
        "Nama": "NURAFIFAH ANNIDA"
    },
    {
        "NIM": "1101204011",
        "Nama": "FAJAR ADHITIA PRATAMA"
    },
    {
        "NIM": "1101204104",
        "Nama": "MUHAMMAD NAUFAL NUR IRAWAN"
    },
    {
        "NIM": "1101204132",
        "Nama": "SABILA HAYYINUN JANNAH"
    },
    {
        "NIM": "1101204173",
        "Nama": "SRI WAHYUNI ASMUR"
    },
    {
        "NIM": "1101204197",
        "Nama": "MUHAMMAD REYHAN FAJAR NASUTION"
    },
    {
        "NIM": "1101204257",
        "Nama": "RIFQI FADHILAH FIRDAUS"
    },
    {
        "NIM": "1101204403",
        "Nama": "MUHAMMAD DAFA MAULANA"
    }
]